{
  "detector_name": "Nonescape-Full",
  "metrics": {
    "valid_samples": 100,
    "total_samples": 100,
    "success_rate": 1.0,
    "accuracy": 0.69,
    "precision": 0.6395348837209303,
    "recall": 1.0,
    "f1_score": 0.7801418439716312,
    "roc_auc": 0.9410101010101011,
    "confusion_matrix": [
      [
        14,
        31
      ],
      [
        0,
        55
      ]
    ],
    "elapsed_time": 44.9971981048584,
    "avg_time_per_image": 0.449971981048584
  }
}